{
    "NumeroExpediente": "00001-2005-0-1817-JR-CO-06",
    "OrganoJurisdiccional": "6\u00b0JUZGADO CIVIL-COMERCIAL",
    "DistritoJudicial": "LIMA",
    "Juez": "MEDINA SANDOVAL, VIRGINIA MARIA",
    "EspecialistaLegal": "YANARICO APAZA MICHAEL NELSON - PLAN DE DESCARGA",
    "FechaInicio": "05/04/2005",
    "Proceso": "EJECUTIVO",
    "Observacion": "----",
    "Especialidad": "COMERCIAL",
    "Materias": "POR DEFINIR",
    "Estado": "ARCHIVO PROVISIONAL",
    "EtapaProcesal": "GENERAL",
    "FechaConclucion": "",
    "Ubicacion": "ESPECIALISTA",
    "MotivoConclucion": "-------",
    "Sumilla": "PRESENTA UNA TASA JUDICIAL104260 S/.96.00. ANEXOS CONFORMES. ADJUNTA UN JUEGO DE COPIA DE DEMANDA Y ANEXOS."
}